{
  "means": {
    "feature_a": 0.006837994588647575,
    "feature_b": 5.063652234112007,
    "feature_c": 5.0217981266632306
  },
  "stds": {
    "feature_a": 0.9812532473618532,
    "feature_b": 1.9559943903509427,
    "feature_c": 2.8960864810250833
  },
  "quantiles": {
    "feature_a": [
      -1.231472955878368,
      -0.7003074044637773,
      0.01279714632985094,
      0.6367832541347953,
      1.2804570204240917
    ],
    "feature_b": [
      2.491879321293139,
      3.809416520283786,
      5.057063199065278,
      6.30248459511502,
      7.661558563469373
    ],
    "feature_c": [
      0.9658026023406383,
      2.3877111088052607,
      5.108220244812321,
      7.3651994753527585,
      8.954090215308815
    ]
  },
  "n_samples": 500,
  "feature_cols": [
    "feature_a",
    "feature_b",
    "feature_c"
  ],
  "baseline_accuracy": 0.65,
  "created_at": "2026-03-08T19:34:48.758252+00:00"
}